{"Test":{"posX":184.767883,"posY":-92.518799},"Test2":{"posX":-273.222656,"posY":-214.724426},"Test3":{"posX":-198.41333,"posY":-299.107788}}
