{"Test":{"posX":184.767883,"posY":-92.518799},"Test2":{"posX":-273.222656,"posY":-214.724426},"Test3":{"posX":-60.441772,"posY":-100.888428}}
