{"Test":{"posX":171.442749,"posY":-9.485474},"Test2":{"posX":-273.222656,"posY":-214.724426},"Test3":{"posX":142.250671,"posY":179.773315}}
