{"Test":{"posX":44.416992,"posY":44.10083},"TytoAlba":{"posX":73.781494,"posY":-46.32312},"TytoAlbus":{"posX":29.363892,"posY":32.082092}}
