{"Test":{"posX":-41.695923,"posY":-83.458191},"TytoAlba":{"posX":-338.56604,"posY":50.408813},"TytoAlbus":{"posX":-204.416016,"posY":-172.416351}}
