{"Test":{"posX":603.032593,"posY":1540.223267},"Test2":{"posX":-273.222656,"posY":-214.724426},"Test3":{"posX":142.250671,"posY":179.773315}}
