{"Test":{"posX":-84.272095,"posY":-564.300293},"Test2":{"posX":-273.222656,"posY":-214.724426},"Test3":{"posX":142.250671,"posY":179.773315}}
