{"Test":{"posX":475.561157,"posY":34.592896},"Test2":{"posX":-273.222656,"posY":-214.724426},"Test3":{"posX":142.250671,"posY":179.773315}}
