{"Test":{"posX":-41.695923,"posY":-83.458191},"TytoAlba":{"posX":-265.354614,"posY":66.354065},"TytoAlbus":{"posX":-475.643463,"posY":190.72522}}
