{"Test":{"posX":347.222351,"posY":153.186035},"TytoAlba":{"posX":-107.399658,"posY":-179.733215},"TytoAlbus":{"posX":-239.081787,"posY":-33.72821}}
